datensatz,meldung_id,ist_schadensmeldung,sicherheitsrelevant,personenschaden,kategorie_wkt,schwere_wkt,hypothesen
meldungen,M001,0.9390248656272888,0.9358906149864196,0.9633858799934388,"{""Gabel"": 0.35450291633605957, ""Laufrad"": 0.28540799021720886, ""Schaltung"": 0.08105521649122238, ""Lenkung"": 0.07272841036319733, ""Bremse"": 0.07174084335565567, ""Reifen"": 0.05202743411064148, ""Rahmen"": 0.03701929375529289, ""Sattel"": 0.009638216346502304, ""Pedale"": 0.008484954945743084, ""keine_zuordnung"": 0.007275307085365057, ""Beleuchtung"": 0.006016734521836042, ""Klingel"": 0.005883099511265755, ""Akku"": 0.004015845246613026, ""Schloss"": 0.0020430965814739466, ""Motor"": 0.0013851309195160866, ""Ladebox"": 0.0007754719699732959}","{""mittel"": 0.9764737486839294, ""fahruntauglich"": 0.012657434679567814, ""gering"": 0.010868851095438004}",c4efb761a6
meldungen,M002,0.7244805693626404,0.4045074582099914,0.5236639380455017,"{""Klingel"": 0.6486849784851074, ""Laufrad"": 0.09102007001638412, ""Schaltung"": 0.05027218908071518, ""Rahmen"": 0.033767636865377426, ""Lenkung"": 0.03315091133117676, ""Reifen"": 0.02986903116106987, ""Beleuchtung"": 0.026436664164066315, ""Sattel"": 0.018884209915995598, ""Bremse"": 0.014500251039862633, ""Pedale"": 0.010924006812274456, ""Akku"": 0.010142597369849682, ""Gabel"": 0.008633165620267391, ""Schloss"": 0.007701024878770113, ""keine_zuordnung"": 0.0075520738027989864, ""Motor"": 0.0054395548067986965, ""Ladebox"": 0.003021660726517439}","{""mittel"": 0.9724112153053284, ""gering"": 0.017810333520174026, ""fahruntauglich"": 0.009778337553143501}",c4efb761a6
meldungen,M003,0.948822557926178,0.7627776265144348,0.7649354934692383,"{""Laufrad"": 0.3284282386302948, ""Reifen"": 0.3085297644138336, ""Schaltung"": 0.08492591977119446, ""Rahmen"": 0.08442976325750351, ""Bremse"": 0.061589427292346954, ""Lenkung"": 0.037569668143987656, ""Beleuchtung"": 0.02035968191921711, ""Sattel"": 0.0165119431912899, ""Klingel"": 0.014054619707167149, ""Akku"": 0.011640315875411034, ""Pedale"": 0.009537733159959316, ""keine_zuordnung"": 0.008574653416872025, ""Schloss"": 0.004358171951025724, ""Motor"": 0.003488237038254738, ""Ladebox"": 0.003126835683360696, ""Gabel"": 0.0028749550692737103}","{""mittel"": 0.9663903117179871, ""fahruntauglich"": 0.018351303413510323, ""gering"": 0.015258402563631535}",c4efb761a6
meldungen,M004,0.8126444220542908,0.8270263075828552,0.7558172345161438,"{""Laufrad"": 0.2064553052186966, ""Beleuchtung"": 0.16500286757946014, ""Schaltung"": 0.12963877618312836, ""Lenkung"": 0.09234379976987839, ""Reifen"": 0.077846460044384, ""Gabel"": 0.0748210921883583, ""Rahmen"": 0.06315004825592041, ""Klingel"": 0.060420241206884384, ""Sattel"": 0.030108002945780754, ""Bremse"": 0.022649165242910385, ""Akku"": 0.020501818507909775, ""keine_zuordnung"": 0.017314916476607323, ""Pedale"": 0.017230575904250145, ""Motor"": 0.01113576628267765, ""Schloss"": 0.007958373054862022, ""Ladebox"": 0.003422853536903858}","{""mittel"": 0.9088016152381897, ""gering"": 0.07942958921194077, ""fahruntauglich"": 0.011768743395805359}",c4efb761a6
meldungen,M005,0.9508692026138306,0.8578872084617615,0.9012273550033568,"{""Sattel"": 0.2732223570346832, ""Schaltung"": 0.18907086551189423, ""Laufrad"": 0.13711676001548767, ""Lenkung"": 0.09178653359413147, ""Bremse"": 0.051002781838178635, ""Pedale"": 0.043636977672576904, ""Schloss"": 0.0397525392472744, ""Reifen"": 0.03212584927678108, ""Rahmen"": 0.030231062322854996, ""keine_zuordnung"": 0.02856634557247162, ""Klingel"": 0.023320864886045456, ""Gabel"": 0.019399872049689293, ""Beleuchtung"": 0.016929132863879204, ""Akku"": 0.010308225639164448, ""Motor"": 0.008688877336680889, ""Ladebox"": 0.00484081357717514}","{""mittel"": 0.9856314063072205, ""gering"": 0.007201843895018101, ""fahruntauglich"": 0.007166764698922634}",c4efb761a6
meldungen,M006,0.9543930292129515,0.9340651035308838,0.9932681322097778,"{""Schaltung"": 0.42229264974594116, ""Laufrad"": 0.20104143023490906, ""Lenkung"": 0.10882504284381866, ""Klingel"": 0.04509999230504036, ""Beleuchtung"": 0.03844444081187248, ""Reifen"": 0.03479956090450287, ""Bremse"": 0.03060571663081646, ""Rahmen"": 0.026268087327480316, ""Gabel"": 0.01977018639445305, ""Sattel"": 0.016746001318097115, ""Pedale"": 0.014087782241404057, ""Schloss"": 0.012108899652957916, ""keine_zuordnung"": 0.010592557489871979, ""Akku"": 0.010571889579296112, ""Motor"": 0.005861202254891396, ""Ladebox"": 0.002884554211050272}","{""mittel"": 0.9592445492744446, ""fahruntauglich"": 0.027775486931204796, ""gering"": 0.012980025261640549}",c4efb761a6
meldungen,M007,0.9479621648788452,0.8630456924438477,0.998943328857422,"{""Laufrad"": 0.35178542137145996, ""Schaltung"": 0.21630583703517914, ""Lenkung"": 0.19694870710372925, ""Reifen"": 0.06258082389831543, ""Bremse"": 0.0374966599047184, ""Rahmen"": 0.026055743917822838, ""Sattel"": 0.0233305711299181, ""Pedale"": 0.018507786095142365, ""Beleuchtung"": 0.01659543067216873, ""Schloss"": 0.012158531695604324, ""Klingel"": 0.011472187936306, ""Gabel"": 0.009896890260279179, ""keine_zuordnung"": 0.009153127670288086, ""Akku"": 0.0038025719113647938, ""Motor"": 0.002222356852144003, ""Ladebox"": 0.0016873810673132539}","{""mittel"": 0.9792437553405762, ""fahruntauglich"": 0.015371016226708889, ""gering"": 0.005385205615311861}",c4efb761a6
meldungen,M008,0.7851439118385315,0.6304574012756348,0.9720721244812012,"{""Schaltung"": 0.3130597472190857, ""Laufrad"": 0.2704019546508789, ""Lenkung"": 0.09127254784107208, ""Beleuchtung"": 0.06055619195103645, ""Reifen"": 0.055137041956186295, ""Bremse"": 0.04187442734837532, ""Sattel"": 0.03299625217914581, ""Klingel"": 0.029853329062461853, ""Rahmen"": 0.0291760191321373, ""Pedale"": 0.021345632150769234, ""Gabel"": 0.018855860456824303, ""Akku"": 0.010891640558838844, ""Schloss"": 0.007976280525326729, ""keine_zuordnung"": 0.0069299121387302876, ""Motor"": 0.006573936436325312, ""Ladebox"": 0.0030992485117167234}","{""mittel"": 0.9361021518707275, ""fahruntauglich"": 0.04681104049086571, ""gering"": 0.017086805775761604}",c4efb761a6
meldungen,M009,0.7427017688751221,0.4436004161834717,0.9054582118988036,"{""Laufrad"": 0.32937824726104736, ""Schaltung"": 0.18585023283958435, ""Reifen"": 0.09155440330505371, ""Lenkung"": 0.09053196012973785, ""Bremse"": 0.06416738778352737, ""Rahmen"": 0.04070644825696945, ""keine_zuordnung"": 0.038577742874622345, ""Beleuchtung"": 0.03790554404258728, ""Pedale"": 0.03301340714097023, ""Sattel"": 0.019896944984793663, ""Klingel"": 0.019531166180968285, ""Gabel"": 0.018985796719789505, ""Akku"": 0.010733596980571747, ""Motor"": 0.009020958095788956, ""Schloss"": 0.006080088671296835, ""Ladebox"": 0.004066064488142729}","{""mittel"": 0.9698521494865417, ""fahruntauglich"": 0.0175393745303154, ""gering"": 0.012608488090336323}",c4efb761a6
meldungen,M010,0.9318355917930604,0.5810653567314148,0.6811968088150024,"{""Laufrad"": 0.3411485552787781, ""Bremse"": 0.19782765209674835, ""Reifen"": 0.11940408498048782, ""Schaltung"": 0.11195088177919388, ""Rahmen"": 0.058420658111572266, ""Lenkung"": 0.050756748765707016, ""Beleuchtung"": 0.04374437406659126, ""Klingel"": 0.015685366466641426, ""keine_zuordnung"": 0.014372631907463074, ""Sattel"": 0.011391916312277317, ""Pedale"": 0.01056671142578125, ""Akku"": 0.007814264856278896, ""Schloss"": 0.007478300482034683, ""Gabel"": 0.003470946801826358, ""Motor"": 0.0030038543045520782, ""Ladebox"": 0.002963065169751644}","{""mittel"": 0.899441123008728, ""fahruntauglich"": 0.06189900264143944, ""gering"": 0.038659825921058655}",c4efb761a6
meldungen,M011,0.8008867502212524,0.3056973218917846,0.0375027395784854,"{""Laufrad"": 0.319709450006485, ""Reifen"": 0.11469382792711258, ""Schaltung"": 0.09227164834737778, ""Klingel"": 0.08448737859725952, ""Bremse"": 0.07508961111307144, ""Lenkung"": 0.07479686290025711, ""Rahmen"": 0.05063480883836746, ""keine_zuordnung"": 0.05026530474424362, ""Beleuchtung"": 0.04220380261540413, ""Sattel"": 0.023148370906710625, ""Akku"": 0.019059935584664345, ""Pedale"": 0.01539005059748888, ""Schloss"": 0.014233470894396305, ""Motor"": 0.010618817061185837, ""Gabel"": 0.007369819097220898, ""Ladebox"": 0.006026830989867449}","{""mittel"": 0.9286470413208008, ""gering"": 0.06433160603046417, ""fahruntauglich"": 0.00702140387147665}",c4efb761a6
meldungen,M012,0.7585105895996094,0.9364014267921448,0.8730525374412537,"{""Gabel"": 0.5174583196640015, ""Laufrad"": 0.25516176223754883, ""Schaltung"": 0.08563558012247086, ""Lenkung"": 0.06351478397846222, ""Rahmen"": 0.03231370449066162, ""Bremse"": 0.014743811450898647, ""Pedale"": 0.007624750956892967, ""Reifen"": 0.007266711909323931, ""Beleuchtung"": 0.0039876666851341724, ""Klingel"": 0.0039643701165914536, ""keine_zuordnung"": 0.002683736849576235, ""Schloss"": 0.0015532277757301927, ""Sattel"": 0.0012901885202154517, ""Akku"": 0.0011932292254641652, ""Motor"": 0.0009606611565686762, ""Ladebox"": 0.0006474816473200917}","{""mittel"": 0.9797223210334778, ""fahruntauglich"": 0.017022481188178062, ""gering"": 0.0032551486510783434}",c4efb761a6
meldungen,M013,0.9834545254707336,0.7275884747505188,0.9119080901145936,"{""Laufrad"": 0.37073978781700134, ""Schaltung"": 0.2520829737186432, ""Lenkung"": 0.061414677649736404, ""Reifen"": 0.055551305413246155, ""Bremse"": 0.05500474199652672, ""Beleuchtung"": 0.04580468684434891, ""Rahmen"": 0.04499815031886101, ""Klingel"": 0.0247532669454813, ""Akku"": 0.02372375689446926, ""Sattel"": 0.022971410304307938, ""Schloss"": 0.012247773818671703, ""Pedale"": 0.010755973868072033, ""keine_zuordnung"": 0.0072707524523139, ""Motor"": 0.0053297956474125385, ""Gabel"": 0.004367078188806772, ""Ladebox"": 0.0029839109629392624}","{""mittel"": 0.9441525340080261, ""fahruntauglich"": 0.04491975158452988, ""gering"": 0.01092772651463747}",c4efb761a6
meldungen,M014,0.9908212423324584,0.9009662866592408,0.9861112833023072,"{""Rahmen"": 0.4777640402317047, ""Laufrad"": 0.21873632073402405, ""Schaltung"": 0.10939835011959076, ""Bremse"": 0.04564857482910156, ""Lenkung"": 0.03973770886659622, ""Reifen"": 0.03596143424510956, ""Gabel"": 0.011809704825282097, ""Klingel"": 0.010679603554308414, ""Beleuchtung"": 0.009993445128202438, ""Sattel"": 0.008539503440260887, ""Schloss"": 0.00680164061486721, ""Pedale"": 0.006775123067200184, ""Akku"": 0.006722399033606052, ""keine_zuordnung"": 0.005727555602788925, ""Motor"": 0.0037635662592947483, ""Ladebox"": 0.0019411053508520126}","{""mittel"": 0.9760949015617371, ""fahruntauglich"": 0.020061330869793892, ""gering"": 0.0038437575567513704}",c4efb761a6
meldungen,M015,0.9726755023002625,0.7306743860244751,0.9862312078475952,"{""Schaltung"": 0.3625468909740448, ""Lenkung"": 0.17226143181324005, ""Laufrad"": 0.17125503718852997, ""Pedale"": 0.15562522411346436, ""Bremse"": 0.039156559854745865, ""Rahmen"": 0.02562939189374447, ""Reifen"": 0.02031911350786686, ""Beleuchtung"": 0.013010559603571892, ""Sattel"": 0.01120759081095457, ""Klingel"": 0.01024456787854433, ""Gabel"": 0.005002564750611782, ""Schloss"": 0.004384671803563833, ""Akku"": 0.0038846039678901434, ""keine_zuordnung"": 0.002118219155818224, ""Motor"": 0.0019590326119214296, ""Ladebox"": 0.0013945989776402712}","{""mittel"": 0.9902046322822571, ""fahruntauglich"": 0.007277778349816799, ""gering"": 0.0025175902992486954}",c4efb761a6
meldungen,M016,0.9823893308639526,0.91877681016922,0.8830344080924988,"{""Schaltung"": 0.331591933965683, ""Pedale"": 0.323910653591156, ""Laufrad"": 0.21577100455760956, ""Lenkung"": 0.06279294192790985, ""Bremse"": 0.01478051021695137, ""Klingel"": 0.0117094861343503, ""Reifen"": 0.011293941177427769, ""Beleuchtung"": 0.007662413641810417, ""Rahmen"": 0.005364921409636736, ""Sattel"": 0.004281467292457819, ""Gabel"": 0.004194558132439852, ""Akku"": 0.0024418900720775127, ""keine_zuordnung"": 0.0015088185900822282, ""Schloss"": 0.0011500928085297346, ""Motor"": 0.0009405135060660541, ""Ladebox"": 0.0006048737559467554}","{""mittel"": 0.94975745677948, ""fahruntauglich"": 0.03784694895148277, ""gering"": 0.01239557284861803}",c4efb761a6
meldungen,M017,0.901401162147522,0.7316341996192932,0.868889331817627,"{""Laufrad"": 0.2103334665298462, ""Schaltung"": 0.19151079654693604, ""Schloss"": 0.14197170734405518, ""Lenkung"": 0.07534539699554443, ""Beleuchtung"": 0.05719394609332085, ""Klingel"": 0.05576004087924957, ""Reifen"": 0.05372874066233635, ""Bremse"": 0.0368911474943161, ""Pedale"": 0.03465602546930313, ""Rahmen"": 0.03405215963721275, ""Sattel"": 0.03005092218518257, ""Gabel"": 0.025628723204135895, ""Akku"": 0.01860445737838745, ""Motor"": 0.01625882089138031, ""keine_zuordnung"": 0.012551579624414444, ""Ladebox"": 0.005462001543492079}","{""mittel"": 0.972863495349884, ""fahruntauglich"": 0.02129487320780754, ""gering"": 0.00584162725135684}",c4efb761a6
meldungen,M018,0.0106731140986084,0.0693524181842804,0.2952235639095306,"{""Laufrad"": 0.24325686693191528, ""Schaltung"": 0.20624791085720062, ""Lenkung"": 0.0905882939696312, ""Reifen"": 0.0868842601776123, ""Beleuchtung"": 0.08555813133716583, ""Rahmen"": 0.05508560314774513, ""Klingel"": 0.042271703481674194, ""Sattel"": 0.04068208858370781, ""Bremse"": 0.03340702876448631, ""Pedale"": 0.024132778868079185, ""Akku"": 0.021887479349970818, ""Gabel"": 0.019016172736883163, ""keine_zuordnung"": 0.017246918752789497, ""Motor"": 0.015873098745942116, ""Schloss"": 0.011321857571601868, ""Ladebox"": 0.00653980253264308}","{""mittel"": 0.892599880695343, ""fahruntauglich"": 0.05970563739538193, ""gering"": 0.04769454896450043}",c4efb761a6
meldungen,M019,0.9832788705825806,0.8963421583175659,0.906616985797882,"{""Laufrad"": 0.3534395098686218, ""Schaltung"": 0.18229076266288757, ""Bremse"": 0.13639621436595917, ""Lenkung"": 0.08170480281114578, ""Reifen"": 0.0628635585308075, ""Rahmen"": 0.045094143599271774, ""Beleuchtung"": 0.04227421060204506, ""Sattel"": 0.02132958546280861, ""Klingel"": 0.017752058804035187, ""Pedale"": 0.015273368917405605, ""keine_zuordnung"": 0.012612703256309032, ""Akku"": 0.0099288709461689, ""Schloss"": 0.0069111911579966545, ""Motor"": 0.0045769489370286465, ""Ladebox"": 0.0039455764926970005, ""Gabel"": 0.0036065492313355207}","{""mittel"": 0.9763871431350708, ""gering"": 0.015552333556115627, ""fahruntauglich"": 0.008060568943619728}",c4efb761a6
meldungen,M020,0.985943078994751,0.3670433759689331,0.0008934456272982,"{""Laufrad"": 0.34307795763015747, ""Lenkung"": 0.28220823407173157, ""Bremse"": 0.07340305298566818, ""Schaltung"": 0.07191304862499237, ""Pedale"": 0.06791988015174866, ""Gabel"": 0.02898464910686016, ""Reifen"": 0.028389358893036842, ""Rahmen"": 0.024491088464856148, ""keine_zuordnung"": 0.02133023925125599, ""Beleuchtung"": 0.019506938755512238, ""Klingel"": 0.018586404621601105, ""Sattel"": 0.00966606941074133, ""Akku"": 0.0036867845337837934, ""Schloss"": 0.003363418160006404, ""Ladebox"": 0.0017415136098861694, ""Motor"": 0.0017313392600044608}","{""mittel"": 0.9921432733535767, ""gering"": 0.00634161289781332, ""fahruntauglich"": 0.0015151167754083872}",c4efb761a6
meldungen,M021,0.9787431359291076,0.7650671601295471,0.8740234971046448,"{""Laufrad"": 0.2701372802257538, ""Schaltung"": 0.2471667230129242, ""Lenkung"": 0.22770065069198608, ""Bremse"": 0.057193487882614136, ""Reifen"": 0.035922080278396606, ""Pedale"": 0.02719496563076973, ""Klingel"": 0.026996510103344917, ""Rahmen"": 0.026255503296852112, ""Beleuchtung"": 0.018045125529170036, ""Sattel"": 0.016559137031435966, ""Akku"": 0.010024027898907661, ""keine_zuordnung"": 0.009435112588107586, ""Gabel"": 0.009270709939301014, ""Motor"": 0.00779910059645772, ""Schloss"": 0.006377885118126869, ""Ladebox"": 0.003921634051948786}","{""mittel"": 0.9920549988746643, ""fahruntauglich"": 0.005407919641584158, ""gering"": 0.002537117339670658}",c4efb761a6
meldungen,M022,0.9872772693634032,0.622459352016449,0.9596676230430604,"{""Rahmen"": 0.41277649998664856, ""Laufrad"": 0.23256641626358032, ""Schaltung"": 0.10181180387735367, ""Beleuchtung"": 0.045750342309474945, ""keine_zuordnung"": 0.03703166916966438, ""Klingel"": 0.028337765485048294, ""Lenkung"": 0.02688211016356945, ""Akku"": 0.0233784019947052, ""Gabel"": 0.02252674289047718, ""Reifen"": 0.017578143626451492, ""Bremse"": 0.015726201236248016, ""Schloss"": 0.012367768213152885, ""Sattel"": 0.00807935930788517, ""Pedale"": 0.005308931693434715, ""Motor"": 0.004967836197465658, ""Ladebox"": 0.004909959621727467}","{""mittel"": 0.8931650519371033, ""gering"": 0.08107359707355499, ""fahruntauglich"": 0.02576129138469696}",c4efb761a6
meldungen,M023,0.8690214157104492,0.2887696027755737,0.5727227926254272,"{""Beleuchtung"": 0.2611243724822998, ""Laufrad"": 0.19090278446674347, ""Gabel"": 0.127160906791687, ""Schaltung"": 0.11040179431438446, ""Reifen"": 0.06712780892848969, ""Lenkung"": 0.04500150680541992, ""Rahmen"": 0.03582581505179405, ""Klingel"": 0.0314621664583683, ""keine_zuordnung"": 0.030168360099196434, ""Sattel"": 0.020096460357308388, ""Pedale"": 0.017874160781502724, ""Bremse"": 0.01778709702193737, ""Akku"": 0.016725756227970123, ""Schloss"": 0.013758232817053795, ""Motor"": 0.008813855238258839, ""Ladebox"": 0.005768988281488419}","{""mittel"": 0.8759476542472839, ""fahruntauglich"": 0.08052660524845123, ""gering"": 0.04352577403187752}",c4efb761a6
meldungen,M024,0.98011976480484,0.7991289496421814,0.874667227268219,"{""Laufrad"": 0.3339875638484955, ""Reifen"": 0.31039994955062866, ""Schaltung"": 0.12102136015892029, ""Bremse"": 0.061102721840143204, ""keine_zuordnung"": 0.0427217110991478, ""Lenkung"": 0.04243066534399986, ""Klingel"": 0.026147158816456795, ""Rahmen"": 0.017614474520087242, ""Beleuchtung"": 0.009900141507387161, ""Akku"": 0.007502267602831125, ""Pedale"": 0.007487629074603319, ""Sattel"": 0.006659635342657566, ""Schloss"": 0.005865639541298151, ""Motor"": 0.0026130492333322763, ""Gabel"": 0.002542566740885377, ""Ladebox"": 0.0020034941844642162}","{""mittel"": 0.9748914241790771, ""fahruntauglich"": 0.0205317921936512, ""gering"": 0.004576790612190962}",c4efb761a6
meldungen,M025,0.9757854342460632,0.7826624512672424,0.8199474215507507,"{""Laufrad"": 0.3774578273296356, ""Schaltung"": 0.23073533177375793, ""Lenkung"": 0.1570408195257187, ""Bremse"": 0.08283554017543793, ""Reifen"": 0.030988354235887527, ""Rahmen"": 0.025180285796523094, ""Beleuchtung"": 0.022486209869384766, ""Klingel"": 0.017069058492779732, ""Sattel"": 0.01396541390568018, ""Gabel"": 0.011657149530947208, ""Pedale"": 0.010049091652035713, ""keine_zuordnung"": 0.005810291040688753, ""Schloss"": 0.005582248326390982, ""Akku"": 0.005280007608234882, ""Motor"": 0.001957640750333667, ""Ladebox"": 0.001904836855828762}","{""mittel"": 0.9718495011329651, ""fahruntauglich"": 0.021014580503106117, ""gering"": 0.00713590020313859}",c4efb761a6
meldungen,M026,0.953794240951538,0.9147487878799438,0.818881630897522,"{""Schaltung"": 0.34044334292411804, ""Laufrad"": 0.2527490556240082, ""Lenkung"": 0.08078344911336899, ""Rahmen"": 0.07333899289369583, ""Reifen"": 0.05261494591832161, ""Bremse"": 0.04453668370842934, ""Beleuchtung"": 0.03674235939979553, ""Sattel"": 0.025908345356583595, ""Klingel"": 0.017919916659593582, ""Gabel"": 0.017233414575457573, ""Pedale"": 0.016063310205936432, ""Akku"": 0.013996991328895092, ""keine_zuordnung"": 0.009351363405585289, ""Schloss"": 0.007944153621792793, ""Motor"": 0.0059907082468271255, ""Ladebox"": 0.0043828957714140415}","{""mittel"": 0.9703725576400757, ""fahruntauglich"": 0.022599197924137115, ""gering"": 0.007028305437415838}",c4efb761a6
meldungen,M027,0.9536218047142028,0.2255871742963791,0.7869505286216736,"{""Sattel"": 0.41958266496658325, ""Schaltung"": 0.18655267357826233, ""Laufrad"": 0.10881521552801132, ""Lenkung"": 0.05326586589217186, ""Beleuchtung"": 0.04504365473985672, ""Reifen"": 0.040784310549497604, ""Rahmen"": 0.02998906560242176, ""Klingel"": 0.025038456544280052, ""Bremse"": 0.0247588362544775, ""Pedale"": 0.01594652608036995, ""Akku"": 0.013915600255131721, ""Schloss"": 0.011192423291504383, ""Gabel"": 0.007798325270414352, ""keine_zuordnung"": 0.007065870333462954, ""Ladebox"": 0.005460081156343222, ""Motor"": 0.0047903540544211864}","{""mittel"": 0.8888548612594604, ""fahruntauglich"": 0.0650838240981102, ""gering"": 0.04606129229068756}",c4efb761a6
meldungen,M028,0.5098864436149597,0.5256123542785645,0.537041425704956,"{""Akku"": 0.5753688216209412, ""Laufrad"": 0.1191987693309784, ""Schaltung"": 0.0784401074051857, ""Motor"": 0.041017115116119385, ""Beleuchtung"": 0.03986692801117897, ""Lenkung"": 0.0294184647500515, ""Reifen"": 0.023707756772637367, ""Rahmen"": 0.023017646744847298, ""Klingel"": 0.021803313866257668, ""Bremse"": 0.01128382794559002, ""Schloss"": 0.007509313058108091, ""Sattel"": 0.0072996304370462894, ""Gabel"": 0.006360636092722416, ""Pedale"": 0.0063111367635428905, ""keine_zuordnung"": 0.005894127767533064, ""Ladebox"": 0.0035024008248001337}","{""mittel"": 0.9305599331855774, ""fahruntauglich"": 0.037629134953022, ""gering"": 0.031810928136110306}",c4efb761a6
meldungen,M029,0.9716448187828064,0.9084555506706238,0.8366212844848633,"{""Akku"": 0.3437087833881378, ""Laufrad"": 0.15173062682151794, ""Klingel"": 0.09080732613801956, ""Schaltung"": 0.07901043444871902, ""Motor"": 0.056576602160930634, ""Lenkung"": 0.05564509704709053, ""Rahmen"": 0.0422087162733078, ""keine_zuordnung"": 0.04151377081871033, ""Beleuchtung"": 0.038356486707925797, ""Bremse"": 0.02912313863635063, ""Reifen"": 0.01851179450750351, ""Schloss"": 0.014758888632059097, ""Sattel"": 0.013255647383630276, ""Gabel"": 0.009418037720024586, ""Pedale"": 0.0077773877419531345, ""Ladebox"": 0.0075972252525389194}","{""mittel"": 0.9781519174575806, ""fahruntauglich"": 0.01749192364513874, ""gering"": 0.004356210585683584}",c4efb761a6
meldungen,M030,0.9182606339454652,0.8486588597297668,0.8299059271812439,"{""Motor"": 0.44048720598220825, ""Akku"": 0.13847015798091888, ""Laufrad"": 0.10773540288209915, ""Schaltung"": 0.10081347823143005, ""Klingel"": 0.036113280802965164, ""Lenkung"": 0.03204931691288948, ""Reifen"": 0.024477263912558556, ""Rahmen"": 0.02050151117146015, ""Gabel"": 0.015551100485026836, ""Bremse"": 0.015475353226065636, ""Beleuchtung"": 0.015087369829416275, ""Schloss"": 0.014118016697466373, ""Pedale"": 0.012386316433548927, ""keine_zuordnung"": 0.01074041984975338, ""Sattel"": 0.008604923263192177, ""Ladebox"": 0.007388988044112921}","{""mittel"": 0.973954975605011, ""fahruntauglich"": 0.0142082953825593, ""gering"": 0.011836746707558632}",c4efb761a6
meldungen,M031,0.8556100130081177,0.1878765672445297,0.6343168616294861,"{""Motor"": 0.3166902959346771, ""Laufrad"": 0.2330571413040161, ""Schaltung"": 0.1288321316242218, ""Klingel"": 0.07962348312139511, ""Lenkung"": 0.046922650188207626, ""Akku"": 0.037346117198467255, ""Rahmen"": 0.03425399586558342, ""Reifen"": 0.027004683390259743, ""Sattel"": 0.019469747319817543, ""Beleuchtung"": 0.01765829510986805, ""Bremse"": 0.013819606974720955, ""Gabel"": 0.011412191204726696, ""keine_zuordnung"": 0.01051340252161026, ""Ladebox"": 0.00849740020930767, ""Schloss"": 0.008124127984046936, ""Pedale"": 0.006774717941880226}","{""mittel"": 0.9901220202445984, ""gering"": 0.006236664019525051, ""fahruntauglich"": 0.0036413681227713823}",c4efb761a6
meldungen,M032,0.9600252509117126,0.2640261352062225,0.7819140553474426,"{""Laufrad"": 0.31648799777030945, ""Gabel"": 0.2450411021709442, ""Bremse"": 0.10663318634033203, ""Schaltung"": 0.09437955170869827, ""Lenkung"": 0.06534288823604584, ""Reifen"": 0.04764275997877121, ""Motor"": 0.024870334193110466, ""Rahmen"": 0.023077938705682755, ""Akku"": 0.020304152742028236, ""Klingel"": 0.017179403454065323, ""Beleuchtung"": 0.015818681567907333, ""Pedale"": 0.007716941647231579, ""keine_zuordnung"": 0.004379838705062866, ""Sattel"": 0.004195628687739372, ""Schloss"": 0.004126549698412418, ""Ladebox"": 0.0028030911926180124}","{""mittel"": 0.989254891872406, ""fahruntauglich"": 0.008134960196912289, ""gering"": 0.0026102657429873943}",c4efb761a6
meldungen,M033,0.8703770637512207,0.2764951288700104,0.3865318596363067,"{""Motor"": 0.5772017240524292, ""Laufrad"": 0.10781937837600708, ""keine_zuordnung"": 0.0675499364733696, ""Schaltung"": 0.06321857869625092, ""Beleuchtung"": 0.02700926922261715, ""Lenkung"": 0.024652332067489624, ""Akku"": 0.023102251812815666, ""Reifen"": 0.02181943878531456, ""Rahmen"": 0.018248634412884712, ""Klingel"": 0.015366891399025917, ""Bremse"": 0.015247304923832417, ""Pedale"": 0.01161087118089199, ""Sattel"": 0.007917926646769047, ""Gabel"": 0.007351545616984367, ""Schloss"": 0.005976764019578695, ""Ladebox"": 0.005907132755964994}","{""mittel"": 0.9940885305404663, ""gering"": 0.004630596376955509, ""fahruntauglich"": 0.00128085701726377}",c4efb761a6
meldungen,M034,0.9613890647888184,0.4658734500408172,0.9620808362960817,"{""Akku"": 0.4907432496547699, ""Laufrad"": 0.14930327236652374, ""Schaltung"": 0.1406002938747406, ""Beleuchtung"": 0.04135892167687416, ""Lenkung"": 0.03541072830557823, ""Klingel"": 0.022333266213536263, ""Rahmen"": 0.021021177992224693, ""Motor"": 0.02091878652572632, ""Sattel"": 0.013479829765856266, ""Reifen"": 0.012201819568872452, ""Ladebox"": 0.011131604202091694, ""Bremse"": 0.010894998908042908, ""Schloss"": 0.009192445315420628, ""Gabel"": 0.008485034108161926, ""keine_zuordnung"": 0.007451542187482119, ""Pedale"": 0.005473002325743437}","{""mittel"": 0.979789674282074, ""fahruntauglich"": 0.01649988815188408, ""gering"": 0.0037104978691786528}",c4efb761a6
meldungen,M035,0.9063220024108888,0.9795309901237488,0.9986115097999572,"{""Laufrad"": 0.3983446955680847, ""Bremse"": 0.19604286551475525, ""Schaltung"": 0.15645171701908112, ""Lenkung"": 0.061147820204496384, ""Reifen"": 0.04084277153015137, ""Rahmen"": 0.024823615327477455, ""Klingel"": 0.019137946888804436, ""Beleuchtung"": 0.018938088789582253, ""Akku"": 0.018062027171254158, ""Pedale"": 0.017742972820997238, ""Motor"": 0.01734042353928089, ""keine_zuordnung"": 0.010198887437582016, ""Schloss"": 0.008886945433914661, ""Sattel"": 0.005475088022649288, ""Ladebox"": 0.004218443296849728, ""Gabel"": 0.0023456255439668894}","{""mittel"": 0.984866201877594, ""fahruntauglich"": 0.013326724991202354, ""gering"": 0.0018071021186187863}",c4efb761a6
meldungen,M036,0.9529258012771606,0.8140528202056885,0.7318258881568909,"{""Laufrad"": 0.22651389241218567, ""Akku"": 0.19422119855880737, ""Schaltung"": 0.16857759654521942, ""Lenkung"": 0.08733189105987549, ""Beleuchtung"": 0.08183535188436508, ""Rahmen"": 0.03406515717506409, ""Motor"": 0.032362669706344604, ""Klingel"": 0.030018389225006104, ""Reifen"": 0.029208697378635406, ""keine_zuordnung"": 0.02819966711103916, ""Bremse"": 0.025007931515574455, ""Sattel"": 0.021897675469517708, ""Pedale"": 0.01549747958779335, ""Ladebox"": 0.009707550518214703, ""Schloss"": 0.007785015739500523, ""Gabel"": 0.007769825402647257}","{""mittel"": 0.9932053685188293, ""fahruntauglich"": 0.005952135194092989, ""gering"": 0.0008425450650975108}",c4efb761a6
meldungen,M037,0.9549424648284912,0.3034220933914184,0.8016448020935059,"{""Lenkung"": 0.30704689025878906, ""Laufrad"": 0.27793607115745544, ""Bremse"": 0.10668404400348663, ""Schaltung"": 0.104161836206913, ""Akku"": 0.03446653112769127, ""Rahmen"": 0.03248123824596405, ""Reifen"": 0.030872978270053864, ""Pedale"": 0.018242577090859413, ""Beleuchtung"": 0.016336578875780106, ""Motor"": 0.016083303838968277, ""Sattel"": 0.015880413353443146, ""Klingel"": 0.014083011075854301, ""Schloss"": 0.010173373855650425, ""keine_zuordnung"": 0.007067565806210041, ""Gabel"": 0.004625978413969278, ""Ladebox"": 0.003857608186081052}","{""mittel"": 0.9350131154060364, ""fahruntauglich"": 0.0465061254799366, ""gering"": 0.018480800092220306}",c4efb761a6
meldungen,M038,0.9609150290489196,0.5433478951454163,0.9020825028419496,"{""Laufrad"": 0.22366710007190704, ""Akku"": 0.15587817132472992, ""Schaltung"": 0.15134072303771973, ""Reifen"": 0.06016979366540909, ""Ladebox"": 0.05600232258439064, ""Lenkung"": 0.04743581265211105, ""Rahmen"": 0.0433175191283226, ""Motor"": 0.0382649265229702, ""Klingel"": 0.03739677742123604, ""Bremse"": 0.03663766384124756, ""keine_zuordnung"": 0.029612189158797264, ""Beleuchtung"": 0.027872463688254356, ""Schloss"": 0.02535339631140232, ""Pedale"": 0.024621395394206047, ""Gabel"": 0.022156858816742897, ""Sattel"": 0.020272795110940933}","{""mittel"": 0.9348819255828857, ""fahruntauglich"": 0.039463698863983154, ""gering"": 0.025654451921582222}",c4efb761a6
meldungen,M039,0.9724408984184264,0.8803863525390625,0.9559402465820312,"{""Ladebox"": 0.7708181142807007, ""Laufrad"": 0.09072237461805344, ""Schaltung"": 0.035475388169288635, ""Reifen"": 0.015049097128212452, ""Lenkung"": 0.0130713926628232, ""Bremse"": 0.011024696752429008, ""Sattel"": 0.00955040194094181, ""Pedale"": 0.009218228980898857, ""Akku"": 0.008952080272138119, ""Rahmen"": 0.00764591246843338, ""Motor"": 0.007078221999108791, ""Schloss"": 0.004994762595742941, ""keine_zuordnung"": 0.0047893645241856575, ""Gabel"": 0.004025179892778397, ""Klingel"": 0.0038072438910603523, ""Beleuchtung"": 0.00377761572599411}","{""mittel"": 0.9680262207984924, ""fahruntauglich"": 0.02140738070011139, ""gering"": 0.01056642085313797}",c4efb761a6
meldungen,M040,0.9055731296539308,0.9253312349319458,0.8641958832740784,"{""Lenkung"": 0.29224053025245667, ""Laufrad"": 0.22016429901123047, ""Schaltung"": 0.11211996525526047, ""Bremse"": 0.06039565056562424, ""Reifen"": 0.056847382336854935, ""Klingel"": 0.046978794038295746, ""Motor"": 0.03753027692437172, ""Akku"": 0.035511408001184464, ""Rahmen"": 0.03418683260679245, ""Ladebox"": 0.02439013682305813, ""Pedale"": 0.02177262306213379, ""Beleuchtung"": 0.017696695402264595, ""Gabel"": 0.013668272644281387, ""Sattel"": 0.012690560892224312, ""Schloss"": 0.007474981248378754, ""keine_zuordnung"": 0.006331555545330048}","{""mittel"": 0.9710316061973572, ""fahruntauglich"": 0.022869950160384178, ""gering"": 0.006098522339016199}",c4efb761a6
meldungen,M041,0.9442797303199768,0.2401503324508667,0.6930575966835022,"{""Laufrad"": 0.2415468841791153, ""Schaltung"": 0.15023639798164368, ""Rahmen"": 0.08206690102815628, ""Ladebox"": 0.07748626172542572, ""Lenkung"": 0.06177743524312973, ""Reifen"": 0.05941078066825867, ""Akku"": 0.055013105273246765, ""Beleuchtung"": 0.04360402747988701, ""Bremse"": 0.03925853967666626, ""Gabel"": 0.03240375965833664, ""Motor"": 0.0323721319437027, ""Pedale"": 0.030440516769886017, ""Schloss"": 0.029735364019870758, ""Sattel"": 0.02840140461921692, ""Klingel"": 0.027473872527480125, ""keine_zuordnung"": 0.008772606030106544}","{""mittel"": 0.9067278504371643, ""fahruntauglich"": 0.0645071417093277, ""gering"": 0.028764983639121056}",c4efb761a6
meldungen,M042,0.6377079486846924,0.322099357843399,0.5547116994857788,"{""Laufrad"": 0.25654876232147217, ""Schaltung"": 0.18138812482357025, ""Reifen"": 0.1346646249294281, ""Lenkung"": 0.09671154618263245, ""Bremse"": 0.06712109595537186, ""Beleuchtung"": 0.04605283960700035, ""Rahmen"": 0.045649852603673935, ""Sattel"": 0.04344256594777107, ""Klingel"": 0.03666949272155762, ""Gabel"": 0.020153407007455826, ""Akku"": 0.019792577251791954, ""Pedale"": 0.01587275043129921, ""keine_zuordnung"": 0.01011399645358324, ""Schloss"": 0.00921789649873972, ""Motor"": 0.00912831537425518, ""Ladebox"": 0.007472173776477575}","{""mittel"": 0.8120402693748474, ""gering"": 0.10085087269544601, ""fahruntauglich"": 0.08710886538028717}",c4efb761a6
meldungen,M043,0.9890764951705932,0.8211875557899475,0.7626008987426758,"{""Schaltung"": 0.2556202709674835, ""Gabel"": 0.24630820751190186, ""Bremse"": 0.21736624836921692, ""Laufrad"": 0.11829543858766556, ""keine_zuordnung"": 0.054345034062862396, ""Lenkung"": 0.02761014923453331, ""Reifen"": 0.016457365825772285, ""Rahmen"": 0.013626989908516407, ""Klingel"": 0.012745239771902561, ""Pedale"": 0.012517047114670277, ""Beleuchtung"": 0.008704240433871746, ""Sattel"": 0.005233190953731537, ""Schloss"": 0.004618274513632059, ""Akku"": 0.003155546961352229, ""Ladebox"": 0.0021144000347703695, ""Motor"": 0.0012824485311284661}","{""mittel"": 0.9396767616271973, ""gering"": 0.05228031426668167, ""fahruntauglich"": 0.008042932488024235}",c4efb761a6
meldungen,M044,0.9828068017959596,0.4156102240085602,0.7819972634315491,"{""keine_zuordnung"": 0.36755087971687317, ""Pedale"": 0.15128515660762787, ""Schaltung"": 0.1299709528684616, ""Lenkung"": 0.0765974223613739, ""Laufrad"": 0.06935115903615952, ""Bremse"": 0.03738304227590561, ""Beleuchtung"": 0.035393550992012024, ""Rahmen"": 0.02525760605931282, ""Klingel"": 0.02417168952524662, ""Reifen"": 0.023064786568284035, ""Akku"": 0.014950030483305454, ""Sattel"": 0.012491217814385891, ""Schloss"": 0.010757592506706715, ""Gabel"": 0.010528936982154846, ""Motor"": 0.006467713974416256, ""Ladebox"": 0.004778316244482994}","{""mittel"": 0.9875006675720215, ""fahruntauglich"": 0.008909955620765686, ""gering"": 0.0035894166212528944}",c4efb761a6
meldungen,M045,0.7921428084373474,0.5416513085365295,0.7498207092285156,"{""Schaltung"": 0.32703471183776855, ""Laufrad"": 0.20266427099704742, ""Klingel"": 0.15380288660526276, ""Lenkung"": 0.05828264355659485, ""Rahmen"": 0.039722271263599396, ""Reifen"": 0.03645120561122894, ""Beleuchtung"": 0.031445927917957306, ""Sattel"": 0.024016430601477623, ""Bremse"": 0.023736631497740746, ""Motor"": 0.023368630558252335, ""Akku"": 0.019506162032485008, ""Schloss"": 0.01581200584769249, ""Gabel"": 0.015280688181519508, ""Pedale"": 0.013670793734490871, ""keine_zuordnung"": 0.010238951072096825, ""Ladebox"": 0.00496576027944684}","{""mittel"": 0.9855573177337646, ""fahruntauglich"": 0.009502982720732689, ""gering"": 0.004939720965921879}",c4efb761a6
meldungen,M046,0.0073103071190416,0.0329301245510578,0.0418815128505229,"{""keine_zuordnung"": 0.7096249461174011, ""Laufrad"": 0.08008559793233871, ""Schaltung"": 0.049629248678684235, ""Lenkung"": 0.032109618186950684, ""Reifen"": 0.030105337500572205, ""Rahmen"": 0.019340425729751587, ""Beleuchtung"": 0.01687726005911827, ""Akku"": 0.01605728082358837, ""Klingel"": 0.010691233910620213, ""Bremse"": 0.008641131222248077, ""Motor"": 0.008599041029810905, ""Sattel"": 0.006073860917240381, ""Schloss"": 0.004430731758475304, ""Gabel"": 0.0031603225506842136, ""Pedale"": 0.0026978927198797464, ""Ladebox"": 0.001876089838333428}","{""mittel"": 0.9880566596984863, ""gering"": 0.008448773995041847, ""fahruntauglich"": 0.0034945644438266754}",c4efb761a6
meldungen,M047,0.9763330817222596,0.9100669622421264,0.804405927658081,"{""Schaltung"": 0.3983774185180664, ""Laufrad"": 0.1468413770198822, ""Klingel"": 0.14548538625240326, ""Lenkung"": 0.08957420289516449, ""Bremse"": 0.037675175815820694, ""Beleuchtung"": 0.0356353223323822, ""Gabel"": 0.02764461748301983, ""Reifen"": 0.02197573520243168, ""Akku"": 0.0169483982026577, ""Rahmen"": 0.016062097623944283, ""Sattel"": 0.014869526028633118, ""Schloss"": 0.013499251566827297, ""keine_zuordnung"": 0.013368063606321812, ""Pedale"": 0.009780284948647022, ""Motor"": 0.007440448272973299, ""Ladebox"": 0.004822716116905212}","{""mittel"": 0.9815509915351868, ""fahruntauglich"": 0.010777010582387447, ""gering"": 0.00767195550724864}",c4efb761a6
meldungen,M048,0.9806919097900392,0.6768335700035095,0.9472103714942932,"{""Rahmen"": 0.3849570155143738, ""Laufrad"": 0.14483462274074554, ""Schaltung"": 0.10454994440078735, ""Sattel"": 0.08886045217514038, ""Reifen"": 0.0500168614089489, ""Lenkung"": 0.049446217715740204, ""Bremse"": 0.04134413227438927, ""Beleuchtung"": 0.037033505737781525, ""Akku"": 0.019278509542346, ""keine_zuordnung"": 0.016913829371333122, ""Klingel"": 0.016831444576382637, ""Pedale"": 0.012218317948281765, ""Gabel"": 0.009534239768981934, ""Schloss"": 0.009413964115083218, ""Ladebox"": 0.007743715774267912, ""Motor"": 0.007023245096206665}","{""mittel"": 0.9627243876457214, ""fahruntauglich"": 0.02893015183508396, ""gering"": 0.008345481939613819}",c4efb761a6
holdout,H001,0.9711017608642578,0.9464483261108398,0.9042707681655884,"{""Laufrad"": 0.44136491417884827, ""Schaltung"": 0.19094422459602356, ""Lenkung"": 0.07082996517419815, ""Reifen"": 0.0692821592092514, ""Rahmen"": 0.049519769847393036, ""Bremse"": 0.04829004779458046, ""Klingel"": 0.03234924376010895, ""Beleuchtung"": 0.02836747094988823, ""Sattel"": 0.01671713963150978, ""keine_zuordnung"": 0.011935538612306118, ""Pedale"": 0.011877402663230896, ""Schloss"": 0.010584632866084576, ""Akku"": 0.007260510697960854, ""Motor"": 0.00436945166438818, ""Gabel"": 0.0035732148680835962, ""Ladebox"": 0.0027343332767486572}","{""mittel"": 0.991703450679779, ""fahruntauglich"": 0.006643007509410381, ""gering"": 0.001653575338423252}",c4efb761a6
holdout,H002,0.9828397631645203,0.10338596254587173,0.9470147490501404,"{""Schaltung"": 0.2836281657218933, ""Laufrad"": 0.24956877529621124, ""Lenkung"": 0.1861896514892578, ""Reifen"": 0.04613353684544563, ""Rahmen"": 0.04378078132867813, ""Beleuchtung"": 0.029273074120283127, ""Bremse"": 0.027932560071349144, ""Sattel"": 0.02494097128510475, ""Pedale"": 0.02266470156610012, ""Akku"": 0.016589948907494545, ""Schloss"": 0.015524054877460003, ""Gabel"": 0.015524054877460003, ""keine_zuordnung"": 0.013997448608279228, ""Klingel"": 0.012292535975575447, ""Motor"": 0.006875315681099892, ""Ladebox"": 0.005084414035081863}","{""mittel"": 0.996060848236084, ""fahruntauglich"": 0.0026879243087023497, ""gering"": 0.0012512222165241838}",c4efb761a6
holdout,H003,0.9673486351966858,0.7763687372207642,0.920187771320343,"{""Laufrad"": 0.44247859716415405, ""Reifen"": 0.26942723989486694, ""Schaltung"": 0.08322049677371979, ""Rahmen"": 0.04957205802202225, ""Bremse"": 0.04784788191318512, ""Gabel"": 0.03181525319814682, ""Beleuchtung"": 0.019242823123931885, ""Klingel"": 0.012963254004716873, ""keine_zuordnung"": 0.010569971986114979, ""Lenkung"": 0.009804307483136654, ""Akku"": 0.006531076971441507, ""Schloss"": 0.0049443794414401054, ""Pedale"": 0.004371929913759232, ""Sattel"": 0.0034924212377518415, ""Motor"": 0.0019099549390375614, ""Ladebox"": 0.0018083089962601662}","{""mittel"": 0.9437819123268127, ""fahruntauglich"": 0.044487472623586655, ""gering"": 0.011730588041245937}",c4efb761a6
holdout,H004,0.9532315135002136,0.6377079486846924,0.7940657734870911,"{""Schaltung"": 0.35999029874801636, ""Laufrad"": 0.2049160897731781, ""Reifen"": 0.06892375648021698, ""Beleuchtung"": 0.0680708959698677, ""Lenkung"": 0.06222943216562271, ""Rahmen"": 0.05429404601454735, ""Klingel"": 0.04802851378917694, ""Bremse"": 0.03460631147027016, ""Pedale"": 0.028542926535010338, ""Sattel"": 0.01865503564476967, ""Akku"": 0.015724465250968933, ""Schloss"": 0.012150924652814865, ""keine_zuordnung"": 0.009706500917673111, ""Motor"": 0.006998161319643259, ""Gabel"": 0.003595315618440509, ""Ladebox"": 0.003567336592823267}","{""mittel"": 0.9714462757110596, ""gering"": 0.02023075334727764, ""fahruntauglich"": 0.00832297932356596}",c4efb761a6
holdout,H005,0.9492946267127991,0.6176279783248901,0.8917639255523682,"{""Sattel"": 0.6939818859100342, ""Laufrad"": 0.0713113322854042, ""Schaltung"": 0.06638838350772858, ""Beleuchtung"": 0.03281652554869652, ""Lenkung"": 0.029974769800901413, ""Klingel"": 0.024620480835437775, ""Rahmen"": 0.01600521430373192, ""Bremse"": 0.015138642862439156, ""Reifen"": 0.011460773646831512, ""keine_zuordnung"": 0.009501314722001553, ""Schloss"": 0.00598071189597249, ""Akku"": 0.005819392390549183, ""Gabel"": 0.0056845867075026035, ""Pedale"": 0.005434874910861254, ""Ladebox"": 0.0029606670141220093, ""Motor"": 0.0029204648453742266}","{""mittel"": 0.9664670825004578, ""gering"": 0.018032973632216454, ""fahruntauglich"": 0.015499917790293694}",c4efb761a6
holdout,H006,0.09892482310533524,0.1302300989627838,0.783553957939148,"{""Laufrad"": 0.28118452429771423, ""Schaltung"": 0.2518061399459839, ""Lenkung"": 0.08484014868736267, ""Reifen"": 0.07428852468729019, ""Sattel"": 0.04195280745625496, ""Beleuchtung"": 0.03942544758319855, ""Pedale"": 0.03874320909380913, ""Bremse"": 0.03327258676290512, ""Rahmen"": 0.03225676715373993, ""Gabel"": 0.028279470279812813, ""Klingel"": 0.025275396183133125, ""keine_zuordnung"": 0.024117952212691307, ""Akku"": 0.017169125378131866, ""Schloss"": 0.012573473155498505, ""Motor"": 0.009593458846211433, ""Ladebox"": 0.005220969207584858}","{""gering"": 0.5116305351257324, ""mittel"": 0.4381820857524872, ""fahruntauglich"": 0.05018742009997368}",c4efb761a6
holdout,H007,0.6343168616294861,0.7507355213165283,0.9877468943595886,"{""Laufrad"": 0.36084455251693726, ""Schaltung"": 0.17810842394828796, ""Lenkung"": 0.10315677523612976, ""Beleuchtung"": 0.0741017684340477, ""Reifen"": 0.054799530655145645, ""Rahmen"": 0.04632643982768059, ""Klingel"": 0.034025803208351135, ""Sattel"": 0.03221498057246208, ""Bremse"": 0.028764739632606506, ""Gabel"": 0.01726028323173523, ""Pedale"": 0.016729241237044334, ""keine_zuordnung"": 0.015202426351606846, ""Schloss"": 0.013054217211902142, ""Motor"": 0.011014244519174099, ""Akku"": 0.008477967232465744, ""Ladebox"": 0.00591857498511672}","{""mittel"": 0.9898250699043274, ""fahruntauglich"": 0.007317740935832262, ""gering"": 0.0028572853188961744}",c4efb761a6
holdout,H008,0.5686553716659546,0.3568948209285736,0.674050509929657,"{""Motor"": 0.2741105854511261, ""Laufrad"": 0.27171197533607483, ""Schaltung"": 0.13444150984287262, ""Lenkung"": 0.058504167944192886, ""Akku"": 0.05490593612194061, ""Klingel"": 0.04080262780189514, ""Bremse"": 0.03377705067396164, ""Rahmen"": 0.023718751966953278, ""Beleuchtung"": 0.02258842997252941, ""Reifen"": 0.017033999785780907, ""Pedale"": 0.016671938821673393, ""keine_zuordnung"": 0.015358908101916313, ""Gabel"": 0.01302221417427063, ""Schloss"": 0.01029136311262846, ""Sattel"": 0.008237103931605816, ""Ladebox"": 0.004823464900255203}","{""mittel"": 0.9223828315734863, ""fahruntauglich"": 0.04474955052137375, ""gering"": 0.032867610454559326}",c4efb761a6
holdout,H009,0.9621431827545166,0.6597340703010559,0.8308001756668091,"{""Akku"": 0.7510693669319153, ""Laufrad"": 0.047478049993515015, ""Schaltung"": 0.046537015587091446, ""keine_zuordnung"": 0.03258339315652847, ""Motor"": 0.02864263765513897, ""Klingel"": 0.024547243490815163, ""Beleuchtung"": 0.014990783296525478, ""Lenkung"": 0.01296077761799097, ""Rahmen"": 0.007977109402418137, ""Schloss"": 0.0075821359641849995, ""Ladebox"": 0.00566767668351531, ""Gabel"": 0.00493378983810544, ""Reifen"": 0.004563009832054377, ""Bremse"": 0.004211859777569771, ""Pedale"": 0.0033318554051220417, ""Sattel"": 0.0029231735970824957}","{""mittel"": 0.9833675622940063, ""gering"": 0.009782856330275536, ""fahruntauglich"": 0.006849571596831083}",c4efb761a6
holdout,H010,0.9643214344978333,0.9042285680770874,0.8624095916748047,"{""Laufrad"": 0.44221729040145874, ""Lenkung"": 0.25196781754493713, ""Bremse"": 0.09828732162714005, ""Schaltung"": 0.05204729735851288, ""Gabel"": 0.04047514498233795, ""Reifen"": 0.030034543946385384, ""Rahmen"": 0.01780357025563717, ""Motor"": 0.014453012496232986, ""keine_zuordnung"": 0.012052381411194801, ""Akku"": 0.00964189600199461, ""Pedale"": 0.008202973753213882, ""Beleuchtung"": 0.007865644060075283, ""Klingel"": 0.007675936911255121, ""Schloss"": 0.003622316988185048, ""Sattel"": 0.0019617413636296988, ""Ladebox"": 0.0016911269631236792}","{""mittel"": 0.9827832579612732, ""fahruntauglich"": 0.014520259574055672, ""gering"": 0.002696490613743663}",c4efb761a6
holdout,H011,0.970436692237854,0.4714665710926056,0.9432234764099121,"{""Ladebox"": 0.5462894439697266, ""Laufrad"": 0.1944054365158081, ""Schaltung"": 0.06986106187105179, ""Lenkung"": 0.038010627031326294, ""Schloss"": 0.025635138154029846, ""Reifen"": 0.01831354945898056, ""Rahmen"": 0.017187194898724556, ""Sattel"": 0.0162685364484787, ""Akku"": 0.013986742123961449, ""Bremse"": 0.012635969556868076, ""Beleuchtung"": 0.00949630606919527, ""Gabel"": 0.008633828721940517, ""Motor"": 0.008499973453581333, ""Pedale"": 0.007769604679197073, ""keine_zuordnung"": 0.0074646626599133015, ""Klingel"": 0.005541851744055748}","{""mittel"": 0.9931986331939697, ""fahruntauglich"": 0.005096070468425751, ""gering"": 0.0017053036717697978}",c4efb761a6
holdout,H012,0.956063449382782,0.9181506037712097,0.942506730556488,"{""Rahmen"": 0.340982049703598, ""Laufrad"": 0.257889986038208, ""Ladebox"": 0.11129684746265411, ""Schaltung"": 0.0560079962015152, ""Reifen"": 0.04252809286117554, ""Bremse"": 0.03362196311354637, ""Akku"": 0.03017534501850605, ""Lenkung"": 0.02991129271686077, ""Motor"": 0.02869526855647564, ""Beleuchtung"": 0.015217634849250317, ""Pedale"": 0.013869350776076317, ""Klingel"": 0.01290243212133646, ""Sattel"": 0.009588273242115974, ""keine_zuordnung"": 0.00783336628228426, ""Schloss"": 0.0071532875299453735, ""Gabel"": 0.0023268726654350758}","{""mittel"": 0.986847460269928, ""fahruntauglich"": 0.011027309112250805, ""gering"": 0.0021252522710710764}",c4efb761a6
holdout,H013,0.9481065273284912,0.7229183912277222,0.935861349105835,"{""Lenkung"": 0.3955755829811096, ""Laufrad"": 0.30448541045188904, ""Schaltung"": 0.1199389100074768, ""Bremse"": 0.03951304778456688, ""Reifen"": 0.03674040362238884, ""Rahmen"": 0.019069688394665718, ""Pedale"": 0.013708789832890034, ""Gabel"": 0.013365097343921661, ""Klingel"": 0.012774878181517124, ""Beleuchtung"": 0.011434564366936684, ""Schloss"": 0.009353147819638252, ""keine_zuordnung"": 0.008238018490374088, ""Sattel"": 0.00781866442412138, ""Akku"": 0.004205514211207628, ""Motor"": 0.002145869890227914, ""Ladebox"": 0.0016324917087331414}","{""mittel"": 0.9732087850570679, ""fahruntauglich"": 0.018354879692196846, ""gering"": 0.008436365984380245}",c4efb761a6
holdout,H014,0.9669452905654907,0.7764534950256348,0.7950223088264465,"{""Schaltung"": 0.4786393940448761, ""Laufrad"": 0.26849237084388733, ""Lenkung"": 0.062234435230493546, ""Pedale"": 0.05738906189799309, ""Reifen"": 0.024075660854578018, ""Rahmen"": 0.023346327245235443, ""Bremse"": 0.022282660007476807, ""Beleuchtung"": 0.012978335842490196, ""Klingel"": 0.012652955949306488, ""Sattel"": 0.01091019343584776, ""Akku"": 0.009827704168856144, ""Gabel"": 0.00659478735178709, ""keine_zuordnung"": 0.0035663172602653503, ""Motor"": 0.003187473863363266, ""Schloss"": 0.0019484637305140495, ""Ladebox"": 0.0018738192738965154}","{""mittel"": 0.9427310824394226, ""fahruntauglich"": 0.04050073400139809, ""gering"": 0.0167681984603405}",c4efb761a6
holdout,H015,0.9771102070808411,0.8788026571273804,0.8966706395149231,"{""Klingel"": 0.6706046462059021, ""Lenkung"": 0.10819780081510544, ""Laufrad"": 0.08787832409143448, ""Schaltung"": 0.045501720160245895, ""Rahmen"": 0.01603793352842331, ""Sattel"": 0.013814703561365604, ""Bremse"": 0.011257354170084, ""Reifen"": 0.010826091282069683, ""Beleuchtung"": 0.010797055438160896, ""keine_zuordnung"": 0.007373746018856764, ""Gabel"": 0.004996640142053366, ""Pedale"": 0.004753879737108946, ""Akku"": 0.00376062816940248, ""Schloss"": 0.0020366469398140907, ""Motor"": 0.0012971024261787534, ""Ladebox"": 0.0008657457656227052}","{""mittel"": 0.9642030596733093, ""fahruntauglich"": 0.01978791505098343, ""gering"": 0.016009099781513214}",c4efb761a6
holdout,H016,0.970520555973053,0.6201616525650024,0.947938084602356,"{""Schaltung"": 0.2688111662864685, ""Laufrad"": 0.20812727510929108, ""Lenkung"": 0.0784580335021019, ""Rahmen"": 0.07811400294303894, ""Beleuchtung"": 0.07304171472787857, ""Reifen"": 0.059239499270915985, ""Sattel"": 0.043561987578868866, ""Bremse"": 0.03877322003245354, ""Klingel"": 0.031437862664461136, ""Akku"": 0.025113454088568687, ""Gabel"": 0.02387000061571598, ""Pedale"": 0.022765792906284332, ""Schloss"": 0.020110372453927994, ""Ladebox"": 0.012795419432222843, ""Motor"": 0.009592690505087376, ""keine_zuordnung"": 0.0061874608509242535}","{""mittel"": 0.9672445058822632, ""fahruntauglich"": 0.025625601410865784, ""gering"": 0.0071298847906291485}",c4efb761a6
holdout,H017,0.9249593019485474,0.9926041960716248,0.9995859861373901,"{""Laufrad"": 0.501234233379364, ""Gabel"": 0.24049481749534607, ""Schaltung"": 0.06397419422864914, ""Lenkung"": 0.0486690029501915, ""Rahmen"": 0.0276024267077446, ""Reifen"": 0.0266293752938509, ""Bremse"": 0.018909582868218422, ""Beleuchtung"": 0.01519149448722601, ""Pedale"": 0.01101707760244608, ""Akku"": 0.010706832632422447, ""Klingel"": 0.009100091643631458, ""Motor"": 0.007798938546329737, ""keine_zuordnung"": 0.007500165607780218, ""Sattel"": 0.005412728060036898, ""Schloss"": 0.004227804951369762, ""Ladebox"": 0.0015312095638364553}","{""mittel"": 0.9769379496574402, ""fahruntauglich"": 0.02224133349955082, ""gering"": 0.0008206914062611759}",c4efb761a6
holdout,H018,0.4902356266975403,0.16079244017601013,0.973788321018219,"{""Laufrad"": 0.2750546336174011, ""Schaltung"": 0.2566295862197876, ""Lenkung"": 0.09294507652521133, ""Reifen"": 0.0928090289235115, ""Rahmen"": 0.05146403983235359, ""Bremse"": 0.04361569136381149, ""Beleuchtung"": 0.039785321801900864, ""Sattel"": 0.032682597637176514, ""Klingel"": 0.027907172217965126, ""keine_zuordnung"": 0.02265516109764576, ""Pedale"": 0.017878007143735886, ""Akku"": 0.014620130881667137, ""Gabel"": 0.011464270763099194, ""Schloss"": 0.007995539344847202, ""Motor"": 0.007083654869347811, ""Ladebox"": 0.005410052370280027}","{""mittel"": 0.9829482436180115, ""gering"": 0.009561493992805481, ""fahruntauglich"": 0.007490258663892746}",c4efb761a6
